cluster_id,size,avg_distance,max_distance,density
0,89,1.0029061958873462,1.2387333374843446,0.9971022255132395
1,49,1.1439827608751785,1.3536857366491641,0.8741390465950365
