{
  "cluster_count": 2,
  "avg_cluster_size": 6.0,
  "std_cluster_size": 1.4142135623730951,
  "size_range": [
    5.0,
    7.0
  ],
  "avg_density": 1.2672519002457463,
  "density_std": 0.017791277354892346,
  "density_range": [
    1.2546715673821311,
    1.2798322331093612
  ],
  "avg_distance": 0.7891868694660344,
  "distance_std": 0.011079598680077588,
  "max_distance": 0.9028283845180416
}