{
  "cluster_count": 2,
  "avg_cluster_size": 69.0,
  "std_cluster_size": 28.284271247461902,
  "size_range": [
    49.0,
    89.0
  ],
  "avg_density": 0.935620636054138,
  "density_std": 0.08694809764931612,
  "density_range": [
    0.8741390465950365,
    0.9971022255132396
  ],
  "avg_distance": 1.0734444783812624,
  "distance_std": 0.09975619576940087,
  "max_distance": 1.353685736649164
}