cluster_id,size,avg_distance,max_distance,density
0,7,0.7813524101065261,0.8650674988504142,1.2798322331093612
1,5,0.7970213288255429,0.9028283845180416,1.2546715673821311
